Title,English Title,Genres,AniList Score,MAL Score,MAL Members,Synopsis
Sousou no Frieren,Frieren: Beyond Journey’s End,"Adventure, Drama, Fantasy",91,9.34,817741,"During their decade-long quest to defeat the Demon King, the members of the hero's party—Himmel himself, the priest Heiter, the dwarf warrior Eisen, and the elven mage Frieren—forge bonds through adventures and battles, creating unforgettable precious memories for most of them.

However, the time that Frieren spends with her comrades is equivalent to merely a fraction of her life, which has lasted over a thousand years. When the party disbands after their victory, Frieren casually returns to her ""usual"" routine of collecting spells across the continent. Due to her different sense of time, she seemingly holds no strong feelings toward the experiences she went through.

As the years pass, Frieren gradually realizes how her days in the hero's party truly impacted her. Witnessing the deaths of two of her former companions, Frieren begins to regret having taken their presence for granted; she vows to better understand humans and create real personal connections. Although the story of that once memorable journey has long ended, a new tale is about to begin.

[Written by MAL Rewrite]"
Gintama: THE FINAL,Gintama: THE VERY FINAL,"Action, Comedy, Drama, Sci-Fi",91,9.04,154053,"Two years have passed following the Tendoshuu's invasion of the O-Edo Central Terminal. Since then, the Yorozuya have gone their separate ways. Foreseeing Utsuro's return, Gintoki Sakata begins surveying Earth's ley lines for traces of the other man's Altana. After an encounter with the remnants of the Tendoshuu—who continue to press on in search of immortality—Gintoki returns to Edo.

Later, the regrouped Shinsengumi and Yorozuya begin an attack on the occupied Central Terminal. With the Altana harvested by the wreckage of the Tendoshuu's ship in danger of detonating, the Yorozuya and their allies fight their enemies while the safety of Edo—and the rest of the world—hangs in the balance. Fulfilling the wishes of their teacher, Shouyou Yoshida's former students unite and relive their pasts one final time in an attempt to save their futures.

[Written by MAL Rewrite]"
Gintama°,Gintama Season 4,"Action, Comedy, Drama, Sci-Fi",91,9.06,638226,"Gintoki, Shinpachi, and Kagura return as the fun-loving but broke members of the Yorozuya team! Living in an alternate-reality Edo, where swords are prohibited and alien overlords have conquered Japan, they try to thrive on doing whatever work they can get their hands on. However, Shinpachi and Kagura still haven't been paid... Does Gin-chan really spend all that cash playing pachinko?

Meanwhile, when Gintoki drunkenly staggers home one night, an alien spaceship crashes nearby. A fatally injured crew member emerges from the ship and gives Gintoki a strange, clock-shaped device, warning him that it is incredibly powerful and must be safeguarded. Mistaking it for his alarm clock, Gintoki proceeds to smash the device the next morning and suddenly discovers that the world outside his apartment has come to a standstill. With Kagura and Shinpachi at his side, he sets off to get the device fixed; though, as usual, nothing is ever that simple for the Yorozuya team.

Filled with tongue-in-cheek humor and moments of heartfelt emotion, Gintama's fourth season finds Gintoki and his friends facing both their most hilarious misadventures and most dangerous crises yet.

[Written by MAL Rewrite]"
Fruits Basket: The Final,Fruits Basket The Final Season,"Comedy, Drama, Psychological, Romance, Slice of Life, Supernatural",90,8.97,488301,"Hundreds of years ago, the Chinese zodiac spirits and their god swore to stay together eternally. United by this promise, the possessed members of the Souma family shall always return to each other under any circumstances. Yet, when these bonds shackle them from freedom, it becomes an undesirable burden—a curse. As head of the clan, Akito is convinced that he shares a special connection with the other Soumas. While he desperately clings to this fantasy, the rest of the family remains isolated and suppressed by the fear of punishment.

Tooru Honda, who has grown attached to the Soumas, is determined to break the chains that bind them. Her companionship with the family and her friends encourages her to move forward with lifting the curse. However, due to confounding revelations, she struggles to find the tenacity to continue her endeavors. With time slowly withering away, Tooru contends with an uncertain future in hopes of reaching the tranquility that may lie beyond all this commotion.

[Written by MAL Rewrite]"
Hagane no Renkinjutsushi: FULLMETAL ALCHEMIST,Fullmetal Alchemist: Brotherhood,"Action, Adventure, Drama, Fantasy",90,9.09,3381331,"After a horrific alchemy experiment goes wrong in the Elric household, brothers Edward and Alphonse are left in a catastrophic new reality. Ignoring the alchemical principle banning human transmutation, the boys attempted to bring their recently deceased mother back to life. Instead, they suffered brutal personal loss: Alphonse's body disintegrated while Edward lost a leg and then sacrificed an arm to keep Alphonse's soul in the physical realm by binding it to a hulking suit of armor.

The brothers are rescued by their neighbor Pinako Rockbell and her granddaughter Winry. Known as a bio-mechanical engineering prodigy, Winry creates prosthetic limbs for Edward by utilizing ""automail,"" a tough, versatile metal used in robots and combat armor. After years of training, the Elric brothers set off on a quest to restore their bodies by locating the Philosopher's Stone—a powerful gem that allows an alchemist to defy the traditional laws of Equivalent Exchange.

As Edward becomes an infamous alchemist and gains the nickname ""Fullmetal,"" the boys' journey embroils them in a growing conspiracy that threatens the fate of the world.

[Written by MAL Rewrite]"
Shingeki no Kyojin 3 Part 2,Attack on Titan Season 3 Part 2,"Action, Drama, Fantasy, Mystery",89,9.05,2312482,"Seeking to restore humanity's diminishing hope, the Survey Corps embark on a mission to retake Wall Maria, where the battle against the merciless ""Titans"" takes the stage once again.

Returning to the tattered Shiganshina District that was once his home, Eren Yeager and the Corps find the town oddly unoccupied by Titans. Even after the outer gate is plugged, they strangely encounter no opposition. The mission progresses smoothly until Armin Arlert, highly suspicious of the enemy's absence, discovers distressing signs of a potential scheme against them. 

Shingeki no Kyojin Season 3 Part 2 follows Eren as he vows to take back everything that was once his. Alongside him, the Survey Corps strive—through countless sacrifices—to carve a path towards victory and uncover the secrets locked away in the Yeager family's basement.

[Written by MAL Rewrite]"
Kaguya-sama wa Kokurasetai: Ultra Romantic,Kaguya-sama: Love is War -Ultra Romantic-,"Comedy, Psychological, Romance, Slice of Life",89,9.0,950101,"The elite members of Shuchiin Academy's student council continue their competitive day-to-day antics. Council president Miyuki Shirogane clashes daily against vice-president Kaguya Shinomiya, each fighting tooth and nail to trick the other into confessing their romantic love. Kaguya struggles within the strict confines of her wealthy, uptight family, rebelling against her cold default demeanor as she warms to Shirogane and the rest of her friends.

Meanwhile, council treasurer Yuu Ishigami suffers under the weight of his hopeless crush on Tsubame Koyasu, a popular upperclassman who helps to instill a new confidence in him. Miko Iino, the newest student council member, grows closer to the rule-breaking Ishigami while striving to overcome her own authoritarian moral code.

As love further blooms at Shuchiin Academy, the student council officers drag their outsider friends into increasingly comedic conflicts.

[Written by MAL Rewrite]"
HUNTER×HUNTER (2011),Hunter x Hunter (2011),"Action, Adventure, Fantasy",89,9.03,2872286,"Hunters devote themselves to accomplishing hazardous tasks, all from traversing the world's uncharted territories to locating rare items and monsters. Before becoming a Hunter, one must pass the Hunter Examination—a high-risk selection process in which most applicants end up handicapped or worse, deceased.

Ambitious participants who challenge the notorious exam carry their own reason. What drives 12-year-old Gon Freecss is finding Ging, his father and a Hunter himself. Believing that he will meet his father by becoming a Hunter, Gon takes the first step to walk the same path.

During the Hunter Examination, Gon befriends the medical student Leorio Paladiknight, the vindictive Kurapika, and ex-assassin Killua Zoldyck. While their motives vastly differ from each other, they band together for a common goal and begin to venture into a perilous world.

[Written by MAL Rewrite]"
3-gatsu no Lion 2,March comes in like a lion Season 2,"Drama, Slice of Life",89,8.92,406311,"Now in his second year of high school, Rei Kiriyama continues pushing through his struggles in the professional shogi world as well as his personal life. Surrounded by vibrant personalities at the shogi hall, the school club, and in the local community, his solitary shell slowly begins to crack. Among them are the three Kawamoto sisters—Akari, Hinata, and Momo—who forge an affectionate and familial bond with Rei. Through these ties, he realizes that everyone is burdened by their own emotional hardships and begins learning how to rely on others while supporting them in return. 

Nonetheless, the life of a professional is not easy. Between tournaments, championships, and title matches, the pressure mounts as Rei advances through the ranks and encounters incredibly skilled opponents. As he manages his relationships with those who have grown close to him, the shogi player continues to search for the reason he plays the game that defines his career.

[Written by MAL Rewrite]"
Owarimonogatari (Ge),Owarimonogatari Second Season,"Comedy, Mystery, Psychological, Romance, Supernatural",89,8.45,482375,"A peculiar transfer student named Ougi Oshino has just arrived at Naoetsu Private High School. She is quickly introduced to senior student Koyomi Araragi by their mutual friend Kanbaru Suruga, in hopes of obtaining advice regarding a strange discovery she has made. After taking a look at the school's layout, Ougi notices that a classroom has appeared in an otherwise empty area—a place that should not exist. 

Unsure if this is the work of an apparition, Araragi and Ougi attempt to unravel the truth behind this enigma. But Araragi soon discovers, after finding himself locked in with Ougi, that the room holds the memory of an event he had long since forgotten.

[Written by MAL Rewrite]"
Gintama',Gintama Season 2,"Action, Comedy, Drama, Sci-Fi",89,9.03,562864,"After a one-year hiatus, Shinpachi Shimura returns to Edo, only to stumble upon a shocking surprise: Gintoki and Kagura, his fellow Yorozuya members, have become completely different characters! Fleeing from the Yorozuya headquarters in confusion, Shinpachi finds that all the denizens of Edo have undergone impossibly extreme changes, in both appearance and personality. Most unbelievably, his sister Otae has married the Shinsengumi chief and shameless stalker Isao Kondou and is pregnant with their first child.

Bewildered, Shinpachi agrees to join the Shinsengumi at Otae and Kondou's request and finds even more startling transformations afoot both in and out of the ranks of the the organization. However, discovering that Vice Chief Toushirou Hijikata has remained unchanged, Shinpachi and his unlikely Shinsengumi ally set out to return the city of Edo to how they remember it.

With even more dirty jokes, tongue-in-cheek parodies, and shameless references, Gintama' follows the Yorozuya team through more of their misadventures in the vibrant, alien-filled world of Edo.

[Written by MAL Rewrite]"
Steins;Gate,Steins;Gate,"Drama, Psychological, Sci-Fi, Thriller",89,9.07,2589981,"Eccentric scientist Rintarou Okabe has a never-ending thirst for scientific exploration. Together with his ditzy but well-meaning friend Mayuri Shiina and his roommate Itaru Hashida, Okabe founds the Future Gadget Laboratory in the hopes of creating technological innovations that baffle the human psyche. Despite claims of grandeur, the only notable ""gadget"" the trio have created is a microwave that has the mystifying power to turn bananas into green goo.

However, when Okabe attends a conference on time travel, he experiences a series of strange events that lead him to believe that there is more to the ""Phone Microwave"" gadget than meets the eye. Apparently able to send text messages into the past using the microwave, Okabe dabbles further with the ""time machine,"" attracting the ire and attention of the mysterious organization SERN.

Due to the novel discovery, Okabe and his friends find themselves in an ever-present danger. As he works to mitigate the damage his invention has caused to the timeline, Okabe fights a battle to not only save his loved ones but also to preserve his degrading sanity.

[Written by MAL Rewrite]"
Gintama': Enchousen,Gintama Season 3,"Action, Comedy, Drama, Sci-Fi",89,9.02,328863,"While Gintoki Sakata was away, the Yorozuya found themselves a new leader: Kintoki, Gintoki's golden-haired doppelganger. In order to regain his former position, Gintoki will need the help of those around him, a troubling feat when no one can remember him! Between Kintoki and Gintoki, who will claim the throne as the main character?

In addition, Yorozuya make a trip back down to red-light district of Yoshiwara to aid an elderly courtesan in her search for her long-lost lover. Although the district is no longer in chains beneath the earth's surface, the trio soon learn of the tragic backstories of Yoshiwara's inhabitants that still haunt them. With flashback after flashback, this quest has Yorozuya witnessing everlasting love and protecting it as best they can with their hearts and souls.

[Written by MAL Rewrite]"
BLEACH: Sennen Kessen-hen,BLEACH: Thousand-Year Blood War,"Action, Adventure, Supernatural",88,9.01,558207,"Substitute Soul Reaper Ichigo Kurosaki spends his days fighting against Hollows, dangerous evil spirits that threaten Karakura Town. Ichigo carries out his quest with his closest allies: Orihime Inoue, his childhood friend with a talent for healing; Yasutora Sado, his high school classmate with superhuman strength; and Uryuu Ishida, Ichigo's Quincy rival.

Ichigo's vigilante routine is disrupted by the sudden appearance of Asguiaro Ebern, a dangerous Arrancar who heralds the return of Yhwach, an ancient Quincy king. Yhwach seeks to reignite the historic blood feud between Soul Reaper and Quincy, and he sets his sights on erasing both the human world and the Soul Society for good.

Yhwach launches a two-pronged invasion into both the Soul Society and Hueco Mundo, the home of Hollows and Arrancar. In retaliation, Ichigo and his friends must fight alongside old allies and enemies alike to end Yhwach's campaign of carnage before the world itself comes to an end.

[Written by MAL Rewrite]"
Kusuriya no Hitorigoto,The Apothecary Diaries,"Drama, Mystery",88,8.9,438044,"Maomao, an apothecary's daughter, has been plucked from her peaceful life and sold to the lowest echelons of the imperial court. Now merely a maid, Maomao settles into her new mundane life and hides her extensive knowledge of medicine in order to avoid any unwanted attention.

Not long after Maomao's arrival, the emperor's infant children inexplicably begin to experience grave symptoms—almost as if a curse has been cast. The curious Maomao easily solves the mystery and, to remain out of the limelight, attempts to leave an anonymous tip. Unfortunately, the dashing and perceptive eunuch Jinshi sees through it and manages to single her out.

In recognition of her talent, Maomao is promoted to lady-in-waiting for the emperor's favorite concubine, Gyokuyou. As Maomao continues to remedy the numerous ailments afflicting the imperial court, her pharmaceutical expertise quickly proves indispensable.

[Written by MAL Rewrite]"
VINLAND SAGA SEASON 2,Vinland Saga Season 2,"Action, Adventure, Drama",88,8.81,637006,"After his father's death and the destruction of his village at the hands of English raiders, Einar wishes for a peaceful life with his family on their newly rebuilt farms. However, fate has other plans: his village is invaded once again. Einar watches helplessly as the marauding Danes burn his lands and slaughter his family. The invaders capture Einar and take him back to Denmark as a slave. 

Einar clings to his mother's final words to survive. He is purchased by Ketil, a kind slave owner and landlord who promises that Einar can regain his freedom in return for working in the fields. Soon, Einar encounters his new partner in farm cultivation—Thorfinn, a dejected and melancholic slave. As Einar and Thorfinn work together toward their freedom, they are haunted by both sins of the past and the ploys of the present. Yet they carry on, grasping for a glimmer of hope, redemption, and peace in a world that is nothing but unjust and unforgiving.

[Written by MAL Rewrite]"
Ginga Eiyuu Densetsu,Legend of the Galactic Heroes,"Drama, Sci-Fi",88,9.02,326456,"The 150-year-long stalemate between the two interstellar superpowers, the Galactic Empire and the Free Planets Alliance, comes to an end when a new generation of leaders arises: the idealistic military genius Reinhard von Lohengramm, and the FPA's reserved historian, Yang Wenli.

While Reinhard climbs the ranks of the Empire with the aid of his childhood friend, Siegfried Kircheis, he must fight not only the war, but also the remnants of the crumbling Goldenbaum Dynasty in order to free his sister from the Kaiser and unify humanity under one genuine ruler. Meanwhile, on the other side of the galaxy, Yang—a strong supporter of democratic ideals—has to stand firm in his beliefs, despite the struggles of the FPA, and show his pupil, Julian Mintz, that autocracy is not the solution.

As ideologies clash amidst the war's many casualties, the two strategic masterminds must ask themselves what the real reason behind their battle is.

[Written by MAL Rewrite]"
Hibike! Euphonium 3,Sound! Euphonium 3,"Drama, Music, Slice of Life",88,8.75,67973,"With the ensemble contest behind them, the members of the Kitauji High School concert band now aim to win a gold medal at the national competition. For third-year club president Kumiko Oumae and her friends, it is their last chance before graduation. Filled with anticipation and anxiety, Kumiko worries if she can successfully lead the band.

Amid her struggles, Kumiko encounters transfer student Mayu Kuroe. From her gentle demeanor to her talented euphonium skills, Mayu was a member of the Seira Girls' School concert band—a regular at nationals. While Mayu is friendly, Kumiko cannot help but have an indescribable feeling from their meeting.

As new members arrive and plans are set in motion, the club, with an insatiable hunger for a gold medal, learns what it truly takes to propel themselves to reach the national level.

[Written by MAL Rewrite]"
MONSTER,Monster,"Drama, Horror, Mystery, Psychological, Thriller",88,8.88,1143412,"Dr. Kenzou Tenma, an elite neurosurgeon recently engaged to his hospital director's daughter, is well on his way to ascending the hospital hierarchy. That is until one night, a seemingly small event changes Dr. Tenma's life forever. While preparing to perform surgery on someone, he gets a call from the hospital director telling him to switch patients and instead perform life-saving brain surgery on a famous performer. His fellow doctors, fiancée, and the hospital director applaud his accomplishment; but because of the switch, a poor immigrant worker is dead, causing Dr. Tenma to have a crisis of conscience.

So when a similar situation arises, Dr. Tenma stands his ground and chooses to perform surgery on the young boy Johan Liebert instead of the town's mayor. Unfortunately, this choice leads to serious ramifications for Dr. Tenma—losing his social standing being one of them. However, with the mysterious death of the director and two other doctors, Dr. Tenma's position is restored. With no evidence to convict him, he is released and goes on to attain the position of hospital director. 

Nine years later when Dr. Tenma saves the life of a criminal, his past comes back to haunt him—once again, he comes face to face with the monster he operated on. He must now embark on a quest of pursuit to make amends for the havoc spread by the one he saved.

[Written by MAL Rewrite]"
Monogatari Series: Off & Monster Season,MONOGATARI Series: OFF & MONSTER Season,"Drama, Mystery, Supernatural",88,8.98,51695,"After graduating from high school, the story of Koyomi Araragi came to an end. This time, it truly ended. However, the story of the girls who were saved by Araragi was not over. It is a prequel, or perhaps a sequel to their struggles in youth.

(Source: MAL News)"
Jujutsu Kaisen 2nd Season,JUJUTSU KAISEN Season 2,"Action, Drama, Supernatural",88,8.81,990826,"The year is 2006, and the halls of Tokyo Prefectural Jujutsu High School echo with the endless bickering and intense debate between two inseparable best friends. Exuding unshakeable confidence, Satoru Gojou and Suguru Getou believe there is no challenge too great for young and powerful Special Grade sorcerers such as themselves. They are tasked with safely delivering a sensible girl named Riko Amanai to the entity whose existence is the very essence of the jujutsu world. However, the mission plunges them into an exhausting swirl of moral conflict that threatens to destroy the already feeble amity between sorcerers and ordinary humans.

Twelve years later, students and sorcerers are the frontline defense against the rising number of high-level curses born from humans' negative emotions. As the entities grow in power, their self-awareness and ambition increase too. The curses unite for the common goal of eradicating humans and creating a world of only cursed energy users, led by a dangerous, ancient cursed spirit. To dispose of their greatest obstacle—the strongest sorcerer, Gojou—they orchestrate an attack at Shibuya Station on Halloween. Dividing into teams, the sorcerers enter the fight prepared to risk everything to protect the innocent and their own kind.

[Written by MAL Rewrite]"
Koe no Katachi,A Silent Voice,"Drama, Romance, Slice of Life",88,8.93,2361879,"As a wild youth, elementary school student Shouya Ishida sought to beat boredom in the cruelest ways. When the deaf Shouko Nishimiya transfers into his class, Shouya and the rest of his class thoughtlessly bully her for fun. However, when her mother notifies the school, he is singled out and blamed for everything done to her. With Shouko transferring out of the school, Shouya is left at the mercy of his classmates. He is heartlessly ostracized all throughout elementary and middle school, while teachers turn a blind eye.

Now in his third year of high school, Shouya is still plagued by his wrongdoings as a young boy. Sincerely regretting his past actions, he sets out on a journey of redemption: to meet Shouko once more and make amends.

Koe no Katachi tells the heartwarming tale of Shouya's reunion with Shouko and his honest attempts to redeem himself, all while being continually haunted by the shadows of his past.
 
[Written by MAL Rewrite]"
Ashita no Joe 2,Tomorrow's Joe 2,"Action, Drama, Slice of Life, Sports",88,8.73,53690,"Yabuki Joe is left downhearted and hopeless after a certain tragic event. In attempt to put the past behind him, Joe leaves the gym behind and begins wandering. On his travels he comes across the likes of Wolf Kanagushi and Goromaki Gondo, men who unintentionally fan the dying embers inside him, leading him to putting his wanderings to an end. His return home puts Joe back on the path to boxing, but unknown to himself and his trainer, he now suffers deep-set issues holding him back from fighting. In attempt to quell those issues, Carlos Rivera, a world renowned boxer is invited from Venezuela to help Joe recover."
ONE PIECE,ONE PIECE,"Action, Adventure, Comedy, Drama, Fantasy",88,7.09,138987,"Many years ago, Woonan, a legendary pirate, plundered one-third of the world's gold and stashed it away on his secret island shrouded in mystery. 

In the present, Luffy and the rest of the Straw Hats continue on their journey to the Grand Line. They are robbed by a group of bandits. Led by their captain, El Drago, these same bandits are headed towards Woonan's famed island. Even though the Straw Hat Pirates must now recover their stolen treasure, they have gained another objective: to discover the lost island, its treasures, and learn about the legend of Woonan.

[Written by MAL Rewrite]"
Mob Psycho 100 II,Mob Psycho 100 II,"Action, Comedy, Drama, Psychological, Slice of Life, Supernatural",88,8.79,1554273,"Shigeo ""Mob"" Kageyama is now maturing and understanding his role as a supernatural psychic that has the power to drastically affect the livelihood of others. He and his mentor Reigen Arataka continue to deal with supernatural requests from clients, whether it be exorcizing evil spirits or tackling urban legends that haunt the citizens.

While the workflow remains the same, Mob isn't just blindly following Reigen around anymore. With all his experiences as a ridiculously strong psychic, Mob's supernatural adventures now have more weight to them. Things take on a serious and darker tone as the dangers Mob and Reigen face are much more tangible and unsettling than ever before.

[Written by MAL Rewrite]"
Monogatari Series: Second Season,Monogatari Series Second Season,"Comedy, Drama, Mystery, Psychological, Romance, Supernatural",88,8.76,675806,"Apparitions, oddities, and gods continue to manifest around Koyomi Araragi and his close-knit group of friends: Tsubasa Hanekawa, the group's modest genius; Shinobu Oshino, the resident doughnut-loving vampire; athletic deviant Suruga Kanbaru; bite-happy spirit Mayoi Hachikuji; Koyomi's cute admirer Nadeko Sengoku; and Hitagi Senjougahara, Koyomi's eclectic girlfriend.

A new semester has begun and with graduation looming over Koyomi, he must quickly decide the paths he will walk, as well as the relationships he will form and friends that he will save. But as strange events begin to unfold, Koyomi is nowhere to be found, and a vicious tiger apparition has appeared in his absence. Hanekawa has become its target, and she quickly finds she must fend for herself.

[Written by MAL Rewrite]"
Boku no Kokoro no Yabai Yatsu 2nd Season,The Dangers in My Heart Season 2,"Comedy, Romance, Slice of Life",87,8.83,194365,"After an eventful winter break, Kyoutarou Ichikawa and Anna Yamada reunite with a stronger bond. They continue to grow in their own ways, with Yamada taking on more challenging photoshoots and Ichikawa maturing both physically and emotionally as he tackles his affections for Yamada. However, spending time together outside of school allows for their relationship to deepen, and it becomes increasingly difficult to deny their budding romantic feelings.

Grappling with these unexpected and new emotions, Ichikawa and Yamada realize that, with the passage of time, their relationship is bound to change—and they must ultimately decide whether they wish to remain close friends or finally become a couple.

[Written by MAL Rewrite]"
THE FIRST SLAM DUNK,THE FIRST SLAM DUNK,Sports,87,8.75,47838,"Shohoku's ""speedster"" and point guard, Ryouta Miyagi, always plays with brains and lightning speed, running circles around his opponents while feigning composure. Born and raised in Okinawa, Ryouta had a brother who was three years older. Following in the footsteps of his older brother, who was a famous local player from a young age, Ryouta also became addicted to basketball.

In his second year of high school, Ryouta plays with the Shohoku High School basketball team along with Sakuragi, Rukawa, Akagi, and Mitsui as they take the stage at the Inter-High School National Championship. And now, they are on the brink of challenging the reigning champions, Sannoh Kogyo High School.

(Source: GKIDS, edited)"
Gintama.: Shirogane no Tamashii-hen - Kouhan-sen,Gintama.: Silver Soul Arc - Second Half War,"Action, Comedy, Drama, Sci-Fi",87,8.88,201746,"Following the temporary retreat of the Altana Liberation Army from the Kabuki District, the state of the war has seemingly improved. However, as the Oniwaban, Shinsengumi, and residents of the district combat the army's remnants, Edo's greatest inventor Gengai Hiraga is abducted. Responsible for causing the enemy's withdrawal by rendering their weapons useless, Gengai's nanomachine virus is now at risk of being shut down.

Meanwhile, a laser capable of obliterating a planet is activated in Earth's orbit on the Liberation Army's mother ship. Another battle ensues when Shinsuke Takasugi and the rest of the Kiheitai arrive on the vessel to stop the weapon from firing. Forced to fight a war on two fronts, the Yorozuya and their allies must prevail on both sides to save Edo and the rest of the world.

[Written by MAL Rewrite]"
Gintama: Kanketsu-hen - Yorozuya yo Eien Nare,Gintama: The Final Chapter - Be Forever Yorozuya,"Action, Comedy, Sci-Fi",87,8.9,243124,"When Gintoki apprehends a movie pirate at a premiere, he checks the camera's footage and finds himself transported to a bleak, post-apocalyptic version of Edo, where a mysterious epidemic called the ""White Plague"" has ravished the world's population. It turns out that the movie pirate wasn't a pirate after all—it was an android time machine, and Gintoki has been hurtled five years into the future! Shinpachi and Kagura, his Yorozuya cohorts, have had a falling out and are now battle-hardened solo vigilantes and he himself has been missing for years, disappearing without a trace after scribbling a strange message in his journal.

Setting out in the disguise given to him by the android time machine, Gintoki haphazardly reunites the Yorozuya team to investigate the White Plague, and soon discovers that the key to saving the future lies in the darkness of his own past. Determined to confront a powerful foe, he makes an important discovery—with a ragtag band of friends and allies at his side, he doesn't have to fight alone.

[Written by MAL Rewrite]"
Haikyuu!!: Karasuno Koukou VS Shiratorizawa Gakuen Koukou,HAIKYU!! 3rd Season,"Comedy, Drama, Sports",87,8.78,1220162,"After the victory against Aoba Jousai High, Karasuno High School, once called “a fallen powerhouse, a crow that can’t fly,” has finally reached the climax of the heated Spring tournament. Now, to advance to nationals, the Karasuno team has to defeat the powerhouse Shiratorizawa Academy. Karasuno’s greatest hurdle is their adversary’s ace, Wakatoshi Ushijima, the number one player in the Miyagi Prefecture, and one of the country’s top three aces.

Only the strongest team will make it to the national tournament. Since this match is the third-year players’ last chance to qualify for nationals, Karasuno has to use everything they learned during the training camp and prior matches to attain victory. Filled with restlessness and excitement, both teams are determined to come out on top in the third season of Haikyuu!!.

[Written by MAL Rewrite]"
Shingeki no Kyojin: The Final Season - Kanketsu-hen Zenpen,Attack on Titan Final Season THE FINAL CHAPTERS Special 1,"Action, Drama, Fantasy, Mystery, Psychological",87,8.89,671272,"In the wake of Eren Yeager's cataclysmic actions, his friends and former enemies form an alliance against his genocidal rampage. Though once bitter foes, Armin Arlert, Mikasa Ackerman, and the remaining members of the Scout Regiment join forces with Reiner Braun and the survivors of the Marleyan military. Their meager united front sets out on a mission to stop Eren's wrath and—if possible—save their old comrade in the process.

As Eren pushes forward at any cost, he battles his own internal turmoil. Although he feels immense remorse over his horrific invasion, Eren believes he harbors noble intentions: he believes the path ahead is the only way to save his friends and, to a greater extent, his people.

The opposing battalions spiral toward an inevitable final clash that may claim the lives of millions. Though they face an army of monsters beyond anything they could have previously imagined, Mikasa, Armin, and their allies stand brave in the face of certain doom.

[Written by MAL Rewrite]"
VINLAND SAGA,Vinland Saga,"Action, Adventure, Drama",87,8.75,1548941,"Young Thorfinn grew up listening to the stories of old sailors that had traveled the ocean and reached the place of legend, Vinland. It's said to be warm and fertile, a place where there would be no need for fighting—not at all like the frozen village in Iceland where he was born, and certainly not like his current life as a mercenary. War is his home now. Though his father once told him, ""You have no enemies, nobody does. There is nobody who it's okay to hurt,"" as he grew, Thorfinn knew that nothing was further from the truth.

The war between England and the Danes grows worse with each passing year. Death has become commonplace, and the viking mercenaries are loving every moment of it. Allying with either side will cause a massive swing in the balance of power, and the vikings are happy to make names for themselves and take any spoils they earn along the way. Among the chaos, Thorfinn must take his revenge and kill Askeladd, the man who murdered his father. The only paradise for the vikings, it seems, is the era of war and death that rages on.

[Written by MAL Rewrite]"
Kizumonogatari III: Reiketsu-hen,Kizumonogatari Part 3: Reiketsu,"Action, Drama, Ecchi, Mystery, Psychological, Supernatural",87,8.78,468408,"After helping revive the legendary vampire Kiss-shot Acerola-orion Heart-under-blade, Koyomi Araragi has become a vampire himself and her servant. Kiss-shot is certain she can turn him back into a human, but only once regaining her full power. 

Araragi has hunted down the three vampire hunters that defeated Kiss-shot and retrieved her limbs to return her to full strength. However, now that Araragi has almost accomplished what he’s been fighting for this whole time, he has to consider if this is what he really wants. Once he revives this powerful immortal vampire, there is no telling what she might do, and there would be no way of stopping her.

But there is more to the story that Araragi doesn’t understand. If a newborn vampire like him could defeat the hunters, how did they overpower Kiss-shot? Can he trust her to turn him back to a human? And how is that even possible in the first place?

Araragi is at his limit but he must come to a decision, and it may not be possible to resolve this situation without doing something he’ll regret…

[Written by MAL Rewrite]"
CLANNAD: After Story,Clannad: After Story,"Drama, Romance, Slice of Life, Supernatural",87,8.93,1204042,"Tomoya Okazaki and Nagisa Furukawa have graduated from high school, and together, they experience the emotional rollercoaster of growing up. Unable to decide on a course for his future, Tomoya learns the value of a strong work ethic and discovers the strength of Nagisa's support. Through the couple's dedication and unity of purpose, they push forward to confront their personal problems, deepen their old relationships, and create new bonds.

Time also moves on in the Illusionary World. As the plains grow cold with the approach of winter, the Illusionary Girl and the Garbage Doll are presented with a difficult situation that reveals the World's true purpose.

[Written by MAL Rewrite]"
Shoujo☆Kageki Revue Starlight Movie,Revue Starlight: The Movie,"Action, Drama, Music, Psychological",87,8.52,20539,"With the arrival of a new generation of talented girls, another lively year at Seishou Music Academy begins. The graduating 99th class is already preparing for the much-anticipated rendition of Starlight, a bittersweet story about the parting of two girls.

It seems like all students in the Actor Training Department have their post-graduation future figured out—except for the cheerful Karen Aijou. Having fulfilled her promise of performing in a play with Hikari Kagura, her ambitious childhood friend, Karen struggles to find her purpose. What lies beyond their promise is a mystery to Karen, as Hikari was the fuel that kept her passion for performing aflame. Now alone, Karen must confront the reality of stage girls and find her way toward the future—her very own stage.

[Written by MAL Rewrite]"
Shingeki no Kyojin: The Final Season - Kanketsu-hen Kouhen,Attack on Titan Final Season THE FINAL CHAPTERS Special 2,"Action, Drama, Fantasy, Psychological, Romance",87,8.89,671272,"In the wake of Eren Yeager's cataclysmic actions, his friends and former enemies form an alliance against his genocidal rampage. Though once bitter foes, Armin Arlert, Mikasa Ackerman, and the remaining members of the Scout Regiment join forces with Reiner Braun and the survivors of the Marleyan military. Their meager united front sets out on a mission to stop Eren's wrath and—if possible—save their old comrade in the process.

As Eren pushes forward at any cost, he battles his own internal turmoil. Although he feels immense remorse over his horrific invasion, Eren believes he harbors noble intentions: he believes the path ahead is the only way to save his friends and, to a greater extent, his people.

The opposing battalions spiral toward an inevitable final clash that may claim the lives of millions. Though they face an army of monsters beyond anything they could have previously imagined, Mikasa, Armin, and their allies stand brave in the face of certain doom.

[Written by MAL Rewrite]"
Code Geass: Hangyaku no Lelouch R2,Code Geass: Lelouch of the Rebellion R2,"Action, Drama, Mecha, Sci-Fi, Thriller",87,8.91,1800404,"One year has passed since the Black Rebellion, a failed uprising against the Holy Britannian Empire led by the masked vigilante Zero, who is now missing. At a loss without their revolutionary leader, Area 11's resistance group—the Black Knights—find themselves too powerless to combat the brutality inflicted upon the Elevens by Britannia, which has increased significantly in order to crush any hope of a future revolt. 

Lelouch Lamperouge, having lost all memory of his double life, is living peacefully alongside his friends as a high school student at Ashford Academy. His former partner C.C., unable to accept this turn of events, takes it upon herself to remind him of his past purpose, hoping that the mastermind Zero will rise once again to finish what he started, in this thrilling conclusion to the series.

[Written by MAL Rewrite]"
Haikyuu!!: Gomi Suteba no Kessen,HAIKYU!! The Dumpster Battle,"Comedy, Drama, Sports",86,8.44,1996304,"Ever since having witnessed the ""Little Giant"" and his astonishing skills on the volleyball court, Shouyou Hinata has been bewitched by the dynamic nature of the sport. Even though his attempt to make his debut as a volleyball regular during a middle school tournament went up in flames, he longs to prove that his less-than-impressive height ceases to be a hindrance in the face of his sheer will and perseverance.

When Hinata enrolls in Karasuno High School, the Little Giant's alma mater, he believes that he is one step closer to his goal of becoming a professional volleyball player. Although the school only retains a shadow of its former glory, Hinata's conviction isn't shaken until he learns that Tobio Kageyama—the prodigy who humiliated Hinata's middle school volleyball team in a crushing defeat—is now his teammate.

To fulfill his desire of leaving a mark on the realm of volleyball—so often regarded as the domain of the tall and the strong—Hinata must smooth out his differences with Kageyama. Only when Hinata learns what it takes to be a part of a team will he be able to join the race to the top in earnest.

[Written by MAL Rewrite]"
